condition,level,mIoU,delta_vs_clean,points
dust,0.02,0.48842,-0.11555,51489174
dust,0.05,0.46686,-0.1371,51489174
dust,0.1,0.44895,-0.15502,51489174
intensity_gain,0.5,0.5716,-0.03237,51489174
mount_drift,0.25,0.60998,0.00602,51489174
mount_drift,0.5,0.61023,0.00627,51489174
mount_drift,1.0,0.60643,0.00247,51489174
mount_drift,2.0,0.60365,-0.00032,51489174
rain,0.25,0.60883,0.00487,47890398
rain,0.5,0.60775,0.00378,44294002
rain,1.0,0.57242,-0.03154,37219182
range_noise,0.02,0.59317,-0.01079,51489174
range_noise,0.05,0.54734,-0.05662,51489174
range_noise,0.1,0.46399,-0.13997,51489174
ring_dropout,0.1,0.59047,-0.01349,46334332
ring_dropout,0.25,0.56898,-0.03498,38585753
ring_dropout,0.5,0.46958,-0.13438,25585887
